[{"model": "admin.logentry", "pk": 1, "fields": {"action_time": "2024-05-21T10:09:31.935Z", "user": 1, "content_type": 11, "object_id": "1", "object_repr": "QuestionType object (1)", "action_flag": 1, "change_message": "[{\"added\": {}}]"}}, {"model": "admin.logentry", "pk": 2, "fields": {"action_time": "2024-05-21T10:10:06.632Z", "user": 1, "content_type": 11, "object_id": "2", "object_repr": "QuestionType object (2)", "action_flag": 1, "change_message": "[{\"added\": {}}]"}}, {"model": "admin.logentry", "pk": 3, "fields": {"action_time": "2024-05-21T11:30:55.192Z", "user": 1, "content_type": 7, "object_id": "1", "object_repr": "Poll object (1)", "action_flag": 1, "change_message": "[{\"added\": {}}]"}}, {"model": "admin.logentry", "pk": 4, "fields": {"action_time": "2024-05-21T11:33:28.607Z", "user": 1, "content_type": 7, "object_id": "2", "object_repr": "Poll object (2)", "action_flag": 1, "change_message": "[{\"added\": {}}]"}}, {"model": "admin.logentry", "pk": 5, "fields": {"action_time": "2024-05-21T14:31:37.242Z", "user": 1, "content_type": 8, "object_id": "1", "object_repr": "1: Первый вопрос к первому опросу...", "action_flag": 1, "change_message": "[{\"added\": {}}]"}}, {"model": "admin.logentry", "pk": 6, "fields": {"action_time": "2024-05-21T14:31:53.678Z", "user": 1, "content_type": 8, "object_id": "2", "object_repr": "2: Второй вопрос к первому опросу...", "action_flag": 1, "change_message": "[{\"added\": {}}]"}}, {"model": "admin.logentry", "pk": 7, "fields": {"action_time": "2024-05-21T14:32:08.781Z", "user": 1, "content_type": 8, "object_id": "3", "object_repr": "3: Третий вопрос к первому опросу...", "action_flag": 1, "change_message": "[{\"added\": {}}]"}}, {"model": "admin.logentry", "pk": 8, "fields": {"action_time": "2024-05-21T14:33:28.890Z", "user": 1, "content_type": 9, "object_id": "1", "object_repr": "1: 111...", "action_flag": 1, "change_message": "[{\"added\": {}}]"}}, {"model": "admin.logentry", "pk": 9, "fields": {"action_time": "2024-05-21T14:33:44.271Z", "user": 1, "content_type": 9, "object_id": "2", "object_repr": "2: 211...", "action_flag": 1, "change_message": "[{\"added\": {}}]"}}, {"model": "admin.logentry", "pk": 10, "fields": {"action_time": "2024-05-21T14:33:48.858Z", "user": 1, "content_type": 9, "object_id": "3", "object_repr": "3: 311...", "action_flag": 1, "change_message": "[{\"added\": {}}]"}}, {"model": "admin.logentry", "pk": 11, "fields": {"action_time": "2024-05-21T14:33:53.795Z", "user": 1, "content_type": 9, "object_id": "4", "object_repr": "4: 121...", "action_flag": 1, "change_message": "[{\"added\": {}}]"}}, {"model": "admin.logentry", "pk": 12, "fields": {"action_time": "2024-05-21T14:34:02.310Z", "user": 1, "content_type": 9, "object_id": "5", "object_repr": "5: 221...", "action_flag": 1, "change_message": "[{\"added\": {}}]"}}, {"model": "admin.logentry", "pk": 13, "fields": {"action_time": "2024-05-21T14:34:06.707Z", "user": 1, "content_type": 9, "object_id": "6", "object_repr": "6: 321...", "action_flag": 1, "change_message": "[{\"added\": {}}]"}}, {"model": "admin.logentry", "pk": 14, "fields": {"action_time": "2024-05-21T14:34:14.537Z", "user": 1, "content_type": 9, "object_id": "7", "object_repr": "7: 131...", "action_flag": 1, "change_message": "[{\"added\": {}}]"}}, {"model": "admin.logentry", "pk": 15, "fields": {"action_time": "2024-05-21T14:34:20.144Z", "user": 1, "content_type": 9, "object_id": "8", "object_repr": "8: 231...", "action_flag": 1, "change_message": "[{\"added\": {}}]"}}, {"model": "admin.logentry", "pk": 16, "fields": {"action_time": "2024-05-21T14:34:27.038Z", "user": 1, "content_type": 9, "object_id": "9", "object_repr": "9: 331...", "action_flag": 1, "change_message": "[{\"added\": {}}]"}}, {"model": "admin.logentry", "pk": 17, "fields": {"action_time": "2024-05-21T15:36:49.900Z", "user": 1, "content_type": 4, "object_id": "2", "object_repr": "exampleuser", "action_flag": 1, "change_message": "[{\"added\": {}}]"}}, {"model": "admin.logentry", "pk": 18, "fields": {"action_time": "2024-05-21T15:38:26.278Z", "user": 1, "content_type": 4, "object_id": "2", "object_repr": "exampleuser", "action_flag": 2, "change_message": "[{\"changed\": {\"fields\": [\"Staff status\"]}}]"}}, {"model": "admin.logentry", "pk": 19, "fields": {"action_time": "2024-05-23T10:32:37.004Z", "user": 1, "content_type": 10, "object_id": "7", "object_repr": "user: 1, answer: 5", "action_flag": 1, "change_message": "[{\"added\": {}}]"}}, {"model": "admin.logentry", "pk": 20, "fields": {"action_time": "2024-05-23T10:38:50.927Z", "user": 1, "content_type": 10, "object_id": "8", "object_repr": "user: 1, answer: 4", "action_flag": 1, "change_message": "[{\"added\": {}}]"}}, {"model": "admin.logentry", "pk": 21, "fields": {"action_time": "2024-05-23T20:52:08.108Z", "user": 1, "content_type": 8, "object_id": "4", "object_repr": "4: Первый вопрос к второму опросу...", "action_flag": 1, "change_message": "[{\"added\": {}}]"}}, {"model": "admin.logentry", "pk": 22, "fields": {"action_time": "2024-05-23T20:52:17.490Z", "user": 1, "content_type": 8, "object_id": "5", "object_repr": "5: Второй вопрос к второму опросу...", "action_flag": 1, "change_message": "[{\"added\": {}}]"}}, {"model": "admin.logentry", "pk": 23, "fields": {"action_time": "2024-05-23T20:52:29.386Z", "user": 1, "content_type": 8, "object_id": "6", "object_repr": "6: Третий вопрос к второму опросу...", "action_flag": 1, "change_message": "[{\"added\": {}}]"}}, {"model": "admin.logentry", "pk": 24, "fields": {"action_time": "2024-05-23T20:54:14.458Z", "user": 1, "content_type": 9, "object_id": "10", "object_repr": "10: 112...", "action_flag": 1, "change_message": "[{\"added\": {}}]"}}, {"model": "admin.logentry", "pk": 25, "fields": {"action_time": "2024-05-23T20:54:27.014Z", "user": 1, "content_type": 9, "object_id": "11", "object_repr": "11: 212...", "action_flag": 1, "change_message": "[{\"added\": {}}]"}}, {"model": "admin.logentry", "pk": 26, "fields": {"action_time": "2024-05-23T20:54:36.190Z", "user": 1, "content_type": 9, "object_id": "12", "object_repr": "12: 312...", "action_flag": 1, "change_message": "[{\"added\": {}}]"}}, {"model": "admin.logentry", "pk": 27, "fields": {"action_time": "2024-05-23T20:54:57.157Z", "user": 1, "content_type": 9, "object_id": "13", "object_repr": "13: 122...", "action_flag": 1, "change_message": "[{\"added\": {}}]"}}, {"model": "admin.logentry", "pk": 28, "fields": {"action_time": "2024-05-23T20:55:03.785Z", "user": 1, "content_type": 9, "object_id": "14", "object_repr": "14: 222...", "action_flag": 1, "change_message": "[{\"added\": {}}]"}}, {"model": "admin.logentry", "pk": 29, "fields": {"action_time": "2024-05-23T20:55:13.430Z", "user": 1, "content_type": 9, "object_id": "15", "object_repr": "15: 322...", "action_flag": 1, "change_message": "[{\"added\": {}}]"}}, {"model": "admin.logentry", "pk": 30, "fields": {"action_time": "2024-05-23T20:55:28.324Z", "user": 1, "content_type": 9, "object_id": "16", "object_repr": "16: 132...", "action_flag": 1, "change_message": "[{\"added\": {}}]"}}, {"model": "admin.logentry", "pk": 31, "fields": {"action_time": "2024-05-23T20:55:35.250Z", "user": 1, "content_type": 9, "object_id": "17", "object_repr": "17: 232...", "action_flag": 1, "change_message": "[{\"added\": {}}]"}}, {"model": "admin.logentry", "pk": 32, "fields": {"action_time": "2024-05-23T20:55:45.927Z", "user": 1, "content_type": 9, "object_id": "18", "object_repr": "18: 332...", "action_flag": 1, "change_message": "[{\"added\": {}}]"}}, {"model": "admin.logentry", "pk": 33, "fields": {"action_time": "2024-05-23T21:04:58.374Z", "user": 1, "content_type": 9, "object_id": "19", "object_repr": "19: 432...", "action_flag": 1, "change_message": "[{\"added\": {}}]"}}, {"model": "admin.logentry", "pk": 34, "fields": {"action_time": "2024-05-23T21:07:27.719Z", "user": 1, "content_type": 9, "object_id": "20", "object_repr": "20: 532...", "action_flag": 1, "change_message": "[{\"added\": {}}]"}}, {"model": "admin.logentry", "pk": 35, "fields": {"action_time": "2024-05-23T21:07:56.416Z", "user": 1, "content_type": 9, "object_id": "21", "object_repr": "21: 632...", "action_flag": 1, "change_message": "[{\"added\": {}}]"}}, {"model": "admin.logentry", "pk": 36, "fields": {"action_time": "2024-05-23T23:44:18.560Z", "user": 1, "content_type": 7, "object_id": "3", "object_repr": "3: Третий опрос", "action_flag": 1, "change_message": "[{\"added\": {}}]"}}, {"model": "admin.logentry", "pk": 37, "fields": {"action_time": "2024-05-23T23:44:27.516Z", "user": 1, "content_type": 7, "object_id": "4", "object_repr": "4: Четвертый опрос", "action_flag": 1, "change_message": "[{\"added\": {}}]"}}, {"model": "admin.logentry", "pk": 38, "fields": {"action_time": "2024-05-24T14:20:39.098Z", "user": 1, "content_type": 7, "object_id": "8", "object_repr": "8: Пятый опрос", "action_flag": 3, "change_message": ""}}, {"model": "admin.logentry", "pk": 39, "fields": {"action_time": "2024-05-24T14:20:39.183Z", "user": 1, "content_type": 7, "object_id": "7", "object_repr": "7: Пятый опрос", "action_flag": 3, "change_message": ""}}, {"model": "admin.logentry", "pk": 40, "fields": {"action_time": "2024-05-24T14:20:39.208Z", "user": 1, "content_type": 7, "object_id": "6", "object_repr": "6: Пятый опрос", "action_flag": 3, "change_message": ""}}, {"model": "admin.logentry", "pk": 41, "fields": {"action_time": "2024-05-24T14:20:39.233Z", "user": 1, "content_type": 7, "object_id": "5", "object_repr": "5: Пятый опрос", "action_flag": 3, "change_message": ""}}, {"model": "admin.logentry", "pk": 42, "fields": {"action_time": "2024-05-24T14:21:23.438Z", "user": 1, "content_type": 7, "object_id": "4", "object_repr": "4: Четвертый опрос", "action_flag": 3, "change_message": ""}}, {"model": "admin.logentry", "pk": 43, "fields": {"action_time": "2024-05-24T14:21:23.481Z", "user": 1, "content_type": 7, "object_id": "3", "object_repr": "3: Третий опрос", "action_flag": 3, "change_message": ""}}, {"model": "auth.permission", "pk": 1, "fields": {"name": "Can add log entry", "content_type": 1, "codename": "add_logentry"}}, {"model": "auth.permission", "pk": 2, "fields": {"name": "Can change log entry", "content_type": 1, "codename": "change_logentry"}}, {"model": "auth.permission", "pk": 3, "fields": {"name": "Can delete log entry", "content_type": 1, "codename": "delete_logentry"}}, {"model": "auth.permission", "pk": 4, "fields": {"name": "Can view log entry", "content_type": 1, "codename": "view_logentry"}}, {"model": "auth.permission", "pk": 5, "fields": {"name": "Can add permission", "content_type": 2, "codename": "add_permission"}}, {"model": "auth.permission", "pk": 6, "fields": {"name": "Can change permission", "content_type": 2, "codename": "change_permission"}}, {"model": "auth.permission", "pk": 7, "fields": {"name": "Can delete permission", "content_type": 2, "codename": "delete_permission"}}, {"model": "auth.permission", "pk": 8, "fields": {"name": "Can view permission", "content_type": 2, "codename": "view_permission"}}, {"model": "auth.permission", "pk": 9, "fields": {"name": "Can add group", "content_type": 3, "codename": "add_group"}}, {"model": "auth.permission", "pk": 10, "fields": {"name": "Can change group", "content_type": 3, "codename": "change_group"}}, {"model": "auth.permission", "pk": 11, "fields": {"name": "Can delete group", "content_type": 3, "codename": "delete_group"}}, {"model": "auth.permission", "pk": 12, "fields": {"name": "Can view group", "content_type": 3, "codename": "view_group"}}, {"model": "auth.permission", "pk": 13, "fields": {"name": "Can add user", "content_type": 4, "codename": "add_user"}}, {"model": "auth.permission", "pk": 14, "fields": {"name": "Can change user", "content_type": 4, "codename": "change_user"}}, {"model": "auth.permission", "pk": 15, "fields": {"name": "Can delete user", "content_type": 4, "codename": "delete_user"}}, {"model": "auth.permission", "pk": 16, "fields": {"name": "Can view user", "content_type": 4, "codename": "view_user"}}, {"model": "auth.permission", "pk": 17, "fields": {"name": "Can add content type", "content_type": 5, "codename": "add_contenttype"}}, {"model": "auth.permission", "pk": 18, "fields": {"name": "Can change content type", "content_type": 5, "codename": "change_contenttype"}}, {"model": "auth.permission", "pk": 19, "fields": {"name": "Can delete content type", "content_type": 5, "codename": "delete_contenttype"}}, {"model": "auth.permission", "pk": 20, "fields": {"name": "Can view content type", "content_type": 5, "codename": "view_contenttype"}}, {"model": "auth.permission", "pk": 21, "fields": {"name": "Can add session", "content_type": 6, "codename": "add_session"}}, {"model": "auth.permission", "pk": 22, "fields": {"name": "Can change session", "content_type": 6, "codename": "change_session"}}, {"model": "auth.permission", "pk": 23, "fields": {"name": "Can delete session", "content_type": 6, "codename": "delete_session"}}, {"model": "auth.permission", "pk": 24, "fields": {"name": "Can view session", "content_type": 6, "codename": "view_session"}}, {"model": "auth.permission", "pk": 25, "fields": {"name": "Can add poll", "content_type": 7, "codename": "add_poll"}}, {"model": "auth.permission", "pk": 26, "fields": {"name": "Can change poll", "content_type": 7, "codename": "change_poll"}}, {"model": "auth.permission", "pk": 27, "fields": {"name": "Can delete poll", "content_type": 7, "codename": "delete_poll"}}, {"model": "auth.permission", "pk": 28, "fields": {"name": "Can view poll", "content_type": 7, "codename": "view_poll"}}, {"model": "auth.permission", "pk": 29, "fields": {"name": "Can add question", "content_type": 8, "codename": "add_question"}}, {"model": "auth.permission", "pk": 30, "fields": {"name": "Can change question", "content_type": 8, "codename": "change_question"}}, {"model": "auth.permission", "pk": 31, "fields": {"name": "Can delete question", "content_type": 8, "codename": "delete_question"}}, {"model": "auth.permission", "pk": 32, "fields": {"name": "Can view question", "content_type": 8, "codename": "view_question"}}, {"model": "auth.permission", "pk": 33, "fields": {"name": "Can add answer", "content_type": 9, "codename": "add_answer"}}, {"model": "auth.permission", "pk": 34, "fields": {"name": "Can change answer", "content_type": 9, "codename": "change_answer"}}, {"model": "auth.permission", "pk": 35, "fields": {"name": "Can delete answer", "content_type": 9, "codename": "delete_answer"}}, {"model": "auth.permission", "pk": 36, "fields": {"name": "Can view answer", "content_type": 9, "codename": "view_answer"}}, {"model": "auth.permission", "pk": 37, "fields": {"name": "Can add answer user", "content_type": 10, "codename": "add_answeruser"}}, {"model": "auth.permission", "pk": 38, "fields": {"name": "Can change answer user", "content_type": 10, "codename": "change_answeruser"}}, {"model": "auth.permission", "pk": 39, "fields": {"name": "Can delete answer user", "content_type": 10, "codename": "delete_answeruser"}}, {"model": "auth.permission", "pk": 40, "fields": {"name": "Can view answer user", "content_type": 10, "codename": "view_answeruser"}}, {"model": "auth.permission", "pk": 41, "fields": {"name": "Can add question type", "content_type": 11, "codename": "add_questiontype"}}, {"model": "auth.permission", "pk": 42, "fields": {"name": "Can change question type", "content_type": 11, "codename": "change_questiontype"}}, {"model": "auth.permission", "pk": 43, "fields": {"name": "Can delete question type", "content_type": 11, "codename": "delete_questiontype"}}, {"model": "auth.permission", "pk": 44, "fields": {"name": "Can view question type", "content_type": 11, "codename": "view_questiontype"}}, {"model": "auth.user", "pk": 1, "fields": {"password": "pbkdf2_sha256$720000$FV9FX6s9nQ51X8nornLBIS$H5MZJZn/8U6C3CCxR0I2A7nQey8nuMbjQNcqxExBA/k=", "last_login": "2024-05-21T10:04:40.251Z", "is_superuser": true, "username": "admin", "first_name": "", "last_name": "", "email": "admin@example.com", "is_staff": true, "is_active": true, "date_joined": "2024-05-19T12:35:26.173Z", "groups": [], "user_permissions": []}}, {"model": "auth.user", "pk": 2, "fields": {"password": "pbkdf2_sha256$720000$PX48ZIa6QEEdIx9fN5dlij$3+KeBflhEmFdOwvJ1KPx2yVTAs2+X7AQJN84N+nVAGg=", "last_login": null, "is_superuser": false, "username": "exampleuser", "first_name": "", "last_name": "", "email": "", "is_staff": true, "is_active": true, "date_joined": "2024-05-21T15:36:49Z", "groups": [], "user_permissions": []}}, {"model": "contenttypes.contenttype", "pk": 1, "fields": {"app_label": "admin", "model": "logentry"}}, {"model": "contenttypes.contenttype", "pk": 2, "fields": {"app_label": "auth", "model": "permission"}}, {"model": "contenttypes.contenttype", "pk": 3, "fields": {"app_label": "auth", "model": "group"}}, {"model": "contenttypes.contenttype", "pk": 4, "fields": {"app_label": "auth", "model": "user"}}, {"model": "contenttypes.contenttype", "pk": 5, "fields": {"app_label": "contenttypes", "model": "contenttype"}}, {"model": "contenttypes.contenttype", "pk": 6, "fields": {"app_label": "sessions", "model": "session"}}, {"model": "contenttypes.contenttype", "pk": 7, "fields": {"app_label": "polls", "model": "poll"}}, {"model": "contenttypes.contenttype", "pk": 8, "fields": {"app_label": "polls", "model": "question"}}, {"model": "contenttypes.contenttype", "pk": 9, "fields": {"app_label": "polls", "model": "answer"}}, {"model": "contenttypes.contenttype", "pk": 10, "fields": {"app_label": "polls", "model": "answeruser"}}, {"model": "contenttypes.contenttype", "pk": 11, "fields": {"app_label": "polls", "model": "questiontype"}}, {"model": "sessions.session", "pk": "5mi8uzsnkpasxpfn0afyqcx86tszt1ww", "fields": {"session_data": ".eJxVjMsOwiAQRf-FtSE8CgMu3fsNZHiMVA0kpV0Z_12bdKHbe865LxZwW2vYRlnCnNmZSXb63SKmR2k7yHdst85Tb-syR74r_KCDX3suz8vh_h1UHPVbW1DFRgOZUjI2TVI5oAhWkhIYdfag0RoxgVQCvCFMThGQd1FqX0iy9wfZXjeG:1s9MMK:4Srcc6vVF1KTuJpeK_P6_aUaUAdj2IrPCzEQf00Sxa0", "expire_date": "2024-06-04T10:04:40.340Z"}}, {"model": "polls.poll", "pk": 1, "fields": {"user": 1, "title": "Первый опрос", "created_at": "2024-05-21T11:30:55.182Z"}}, {"model": "polls.poll", "pk": 2, "fields": {"user": 1, "title": "Второй опрос", "created_at": "2024-05-21T11:33:28.605Z"}}, {"model": "polls.poll", "pk": 9, "fields": {"user": 2, "title": "Третий опрос", "created_at": "2024-05-24T14:25:17.021Z"}}, {"model": "polls.questiontype", "pk": 1, "fields": {"description": "Один ответ"}}, {"model": "polls.questiontype", "pk": 2, "fields": {"description": "Несколко ответов"}}, {"model": "polls.question", "pk": 1, "fields": {"poll": 1, "question_type": 1, "question_text": "Первый вопрос к первому опросу", "created_at": "2024-05-21T14:31:37.228Z"}}, {"model": "polls.question", "pk": 2, "fields": {"poll": 1, "question_type": 2, "question_text": "Второй вопрос к первому опросу", "created_at": "2024-05-21T14:31:53.677Z"}}, {"model": "polls.question", "pk": 3, "fields": {"poll": 1, "question_type": 1, "question_text": "Третий вопрос к первому опросу", "created_at": "2024-05-21T14:32:08.780Z"}}, {"model": "polls.question", "pk": 4, "fields": {"poll": 2, "question_type": 1, "question_text": "Первый вопрос к второму опросу", "created_at": "2024-05-23T20:52:08.107Z"}}, {"model": "polls.question", "pk": 5, "fields": {"poll": 2, "question_type": 2, "question_text": "Второй вопрос к второму опросу", "created_at": "2024-05-23T20:52:17.489Z"}}, {"model": "polls.question", "pk": 6, "fields": {"poll": 2, "question_type": 1, "question_text": "Третий вопрос к второму опросу", "created_at": "2024-05-23T20:52:29.385Z"}}, {"model": "polls.question", "pk": 15, "fields": {"poll": 9, "question_type": 1, "question_text": "Первый вопрос третего опроса", "created_at": "2024-05-24T14:25:17.023Z"}}, {"model": "polls.question", "pk": 16, "fields": {"poll": 9, "question_type": 2, "question_text": "Второй вопрос третего опроса", "created_at": "2024-05-24T14:25:17.027Z"}}, {"model": "polls.question", "pk": 17, "fields": {"poll": 9, "question_type": 2, "question_text": "Третий вопрос третего опроса", "created_at": "2024-05-24T14:25:17.030Z"}}, {"model": "polls.answer", "pk": 1, "fields": {"question": 1, "answer_text": "111", "created_at": "2024-05-21T14:33:28.872Z"}}, {"model": "polls.answer", "pk": 2, "fields": {"question": 1, "answer_text": "211", "created_at": "2024-05-21T14:33:44.269Z"}}, {"model": "polls.answer", "pk": 3, "fields": {"question": 1, "answer_text": "311", "created_at": "2024-05-21T14:33:48.856Z"}}, {"model": "polls.answer", "pk": 4, "fields": {"question": 2, "answer_text": "121", "created_at": "2024-05-21T14:33:53.794Z"}}, {"model": "polls.answer", "pk": 5, "fields": {"question": 2, "answer_text": "221", "created_at": "2024-05-21T14:34:02.309Z"}}, {"model": "polls.answer", "pk": 6, "fields": {"question": 2, "answer_text": "321", "created_at": "2024-05-21T14:34:06.705Z"}}, {"model": "polls.answer", "pk": 7, "fields": {"question": 3, "answer_text": "131", "created_at": "2024-05-21T14:34:14.536Z"}}, {"model": "polls.answer", "pk": 8, "fields": {"question": 3, "answer_text": "231", "created_at": "2024-05-21T14:34:20.143Z"}}, {"model": "polls.answer", "pk": 9, "fields": {"question": 3, "answer_text": "331", "created_at": "2024-05-21T14:34:27.037Z"}}, {"model": "polls.answer", "pk": 10, "fields": {"question": 4, "answer_text": "112", "created_at": "2024-05-23T20:54:14.430Z"}}, {"model": "polls.answer", "pk": 11, "fields": {"question": 4, "answer_text": "212", "created_at": "2024-05-23T20:54:27.009Z"}}, {"model": "polls.answer", "pk": 12, "fields": {"question": 4, "answer_text": "312", "created_at": "2024-05-23T20:54:36.185Z"}}, {"model": "polls.answer", "pk": 13, "fields": {"question": 5, "answer_text": "122", "created_at": "2024-05-23T20:54:57.152Z"}}, {"model": "polls.answer", "pk": 14, "fields": {"question": 5, "answer_text": "222", "created_at": "2024-05-23T20:55:03.781Z"}}, {"model": "polls.answer", "pk": 15, "fields": {"question": 5, "answer_text": "322", "created_at": "2024-05-23T20:55:13.426Z"}}, {"model": "polls.answer", "pk": 16, "fields": {"question": 6, "answer_text": "132", "created_at": "2024-05-23T20:55:28.321Z"}}, {"model": "polls.answer", "pk": 17, "fields": {"question": 6, "answer_text": "232", "created_at": "2024-05-23T20:55:35.245Z"}}, {"model": "polls.answer", "pk": 18, "fields": {"question": 6, "answer_text": "332", "created_at": "2024-05-23T20:55:45.923Z"}}, {"model": "polls.answer", "pk": 19, "fields": {"question": 6, "answer_text": "432", "created_at": "2024-05-23T21:04:58.369Z"}}, {"model": "polls.answer", "pk": 20, "fields": {"question": 6, "answer_text": "532", "created_at": "2024-05-23T21:07:27.715Z"}}, {"model": "polls.answer", "pk": 21, "fields": {"question": 6, "answer_text": "632", "created_at": "2024-05-23T21:07:56.412Z"}}, {"model": "polls.answer", "pk": 38, "fields": {"question": 15, "answer_text": "113", "created_at": "2024-05-24T14:25:17.025Z"}}, {"model": "polls.answer", "pk": 39, "fields": {"question": 15, "answer_text": "213", "created_at": "2024-05-24T14:25:17.026Z"}}, {"model": "polls.answer", "pk": 40, "fields": {"question": 15, "answer_text": "313", "created_at": "2024-05-24T14:25:17.027Z"}}, {"model": "polls.answer", "pk": 41, "fields": {"question": 16, "answer_text": "123", "created_at": "2024-05-24T14:25:17.028Z"}}, {"model": "polls.answer", "pk": 42, "fields": {"question": 16, "answer_text": "223", "created_at": "2024-05-24T14:25:17.028Z"}}, {"model": "polls.answer", "pk": 43, "fields": {"question": 16, "answer_text": "323", "created_at": "2024-05-24T14:25:17.029Z"}}, {"model": "polls.answer", "pk": 44, "fields": {"question": 17, "answer_text": "133", "created_at": "2024-05-24T14:25:17.031Z"}}, {"model": "polls.answer", "pk": 45, "fields": {"question": 17, "answer_text": "233", "created_at": "2024-05-24T14:25:17.031Z"}}, {"model": "polls.answer", "pk": 46, "fields": {"question": 17, "answer_text": "333", "created_at": "2024-05-24T14:25:17.032Z"}}, {"model": "polls.answeruser", "pk": 1, "fields": {"user": 1, "answer": 6}}, {"model": "polls.answeruser", "pk": 2, "fields": {"user": 1, "answer": 3}}, {"model": "polls.answeruser", "pk": 3, "fields": {"user": 1, "answer": 5}}, {"model": "polls.answeruser", "pk": 4, "fields": {"user": 1, "answer": 8}}, {"model": "polls.answeruser", "pk": 14, "fields": {"user": 2, "answer": 13}}, {"model": "polls.answeruser", "pk": 15, "fields": {"user": 2, "answer": 11}}, {"model": "polls.answeruser", "pk": 16, "fields": {"user": 2, "answer": 14}}, {"model": "polls.answeruser", "pk": 17, "fields": {"user": 2, "answer": 21}}, {"model": "polls.answeruser", "pk": 18, "fields": {"user": 1, "answer": 10}}, {"model": "polls.answeruser", "pk": 19, "fields": {"user": 1, "answer": 13}}, {"model": "polls.answeruser", "pk": 20, "fields": {"user": 1, "answer": 14}}, {"model": "polls.answeruser", "pk": 21, "fields": {"user": 1, "answer": 20}}, {"model": "polls.answeruser", "pk": 22, "fields": {"user": 1, "answer": 4}}, {"model": "polls.answeruser", "pk": 23, "fields": {"user": 2, "answer": 15}}]